{"cameraMode":{"drawMode":0,"name":"Shaded","section":"Shading Mode"},"sceneLighting":true,"audioPlay":false,"sceneViewState":{"showFog":true,"showMaterialUpdate":false,"showSkybox":true,"showFlares":true,"showImageEffects":true,"showParticleSystems":true},"in2DMode":false,"pivot":{"x":2.9034740924835207,"y":11.216476440429688,"z":-10.56788158416748},"rotation":{"x":0.40908515453338625,"y":0.013688347302377224,"z":-0.006134749390184879,"w":0.9123761057853699},"size":7.206908702850342,"orthographic":false}